,Gene_set,Term,Overlap,P-value,Adjusted P-value,Old P-value,Old Adjusted P-value,Odds Ratio,Combined Score,Genes
0,GO_Cellular_Component_2021,U2-type spliceosomal complex (GO:0005684),19/89,6.238582571570885e-17,1.40991966117502e-14,0,0,18.825441696113074,702.4373501666464,SF3B2;PPIL1;SF3A1;RBM8A;SF3B6;TFIP11;SNU13;CASC3;PLRG1;PRPF8;EFTUD2;SNRNP40;PHF5A;SNW1;SNRPD1;PRPF3;SNRPB2;SNRNP200;SNRPB
1,GO_Cellular_Component_2021,ribosome (GO:0005840),15/62,1.6801748426696785e-14,1.898597572216737e-12,0,0,21.85224998146638,693.0942250060494,RPS7;NUFIP2;RPL23;RPL13A;RRBP1;RPL6;RPS25;LARP1;RPS19;RPS18;RPL36;RPL15;RPS11;RPL19;RPS23
2,GO_Cellular_Component_2021,nucleus (GO:0005634),126/4484,3.5712418763756966e-14,2.690335546869691e-12,0,0,2.519973716049898,78.02664647600263,MDC1;TCERG1;CMAS;RTCB;CTNND1;ENO1;CASC3;RPL6;CCAR1;EFTUD2;FBL;SNRPD1;RPS18;CFL1;MACROD1;ZNF326;SMARCC1;RPS7;RPS8;RPS6;UBE2E1;CIRBP;ACTN4;WBP11;ILF2;HCFC1;DPM1;DDX39A;SARNP;PRPF3;UBE2V2;CMPK1;CCDC86;MATR3;LAP3;PPIG;SNRNP200;PPIA;SRSF7;UBA52;KPNB1;SNRPB;RBM8A;SNU13;PRPF8;MTDH;SDCBP;ZNF703;MCMBP;RREB1;FUS;ARPC4;PA2G4;HNRNPL;RPS25;EIF5;SNW1;HNRNPCL1;ZC3H4;RPLP0;ADAR;ELAVL1;RBM3;TUBA1C;PTBP1;CASP3;PBK;APPL1;NELFE;ACTR2;HSP90AA1;TPI1;RBM15;RING1;RFC2;TUBB;NME2;RPL13A;PLRG1;WDR33;EEF1G;TUBB2B;PSMA2;THRAP3;PTMA;SLC25A11;SF3B2;SMARCD2;HDAC2;AHNAK;NUFIP2;POLDIP2;KARS1;SF3B6;DLST;TYMS;PCNP;PTPA;DNAJB1;BCLAF1;PABPN1;RBBP4;RPL13;MAPK1;SNRPB2;RPL15;POLR2H;RAE1;HNRNPA0;SF3A1;PPIL1;TRMT10C;NAA10;TRMT1;RPL23A;HYPK;SCAF4;U2SURP;PSMC5;PHF5A;TTC4;SERBP1;SEMG1;RBMX;HSPA1B;RAN
3,GO_Cellular_Component_2021,intracellular membrane-bounded organelle (GO:0043231),136/5192,4.4655522467466875e-13,2.5230370194118775e-11,0,0,2.3725979868842457,67.47007507268879,MDC1;TCERG1;CMAS;RTCB;CTNND1;ENO1;CASC3;RPL6;CCAR1;EFTUD2;FBL;SNRPD1;RPS18;CFL1;OSBP;MACROD1;ZNF326;RPS12;SMARCC1;RPS7;RPS8;RPS6;UBE2E1;CIRBP;ACTN4;WBP11;ILF2;HCFC1;DPM1;DDX39A;SARNP;PRPF3;UBE2V2;CMPK1;CCDC86;MATR3;LAP3;PPIG;SNRNP200;PPIA;SRSF7;UBA52;KPNB1;SNRPB;ATP6V1A;RBM8A;MGST3;SNU13;PRPF8;MTDH;SDCBP;ZNF703;MCMBP;RREB1;FUS;ARPC4;PA2G4;HNRNPL;RPS25;EIF5;SNW1;HNRNPCL1;ZC3H4;RPLP0;ADAR;ELAVL1;HK2;RBM3;TUBA1C;PTBP1;CASP3;PBK;RAC1;APPL1;NELFE;ACTR2;HSP90AA1;TPI1;RBM15;RING1;RFC2;TUBB;NME2;RPL13A;PLRG1;EPN1;WDR33;EEF1G;TUBB2B;PSMA2;THRAP3;PTMA;SLC25A11;VAMP2;SF3B2;SMARCD2;HDAC2;AHNAK;NUFIP2;POLDIP2;KARS1;SF3B6;DLST;TYMS;PCNP;PTPA;DNAJB1;BCLAF1;PABPN1;RBBP4;ALDH1B1;RPL13;MAPK1;SNRPB2;RPL15;POLR2H;RAE1;HNRNPA0;SF3A1;PPIL1;TRMT10C;NAA10;TRMT1;RPL23A;HYPK;SCAF4;U2SURP;PSMC5;GOLPH3;PHF5A;TTC4;SERBP1;SEMG1;RBMX;HSPA1B;RAN
4,GO_Cellular_Component_2021,cytosolic small ribosomal subunit (GO:0022627),11/40,1.2152024575333546e-11,5.122115755594167e-10,0,0,25.63799028320891,644.3730781499665,RPS25;RPS19;RPS7;RPS18;RPS8;RPS6;RPS20;RPS11;UBA52;RPS12;RPS23
5,GO_Cellular_Component_2021,precatalytic spliceosome (GO:0071011),12/52,1.35985374042323e-11,5.122115755594167e-10,0,0,20.33586206896552,508.8248020562434,EFTUD2;SF3B2;SF3A1;PHF5A;SNRPD1;PRPF3;SF3B6;SNU13;SNRPB2;SNRNP200;PRPF8;SNRPB
6,GO_Cellular_Component_2021,cytosolic large ribosomal subunit (GO:0022625),12/55,2.7764533408518105e-11,8.963977929035843e-10,0,0,18.91419406575782,459.7522647437263,RPL21;RPLP1;RPL23;RPLP0;RPL36;RPL13A;RPL13;RPL23A;RPL15;RPL28;RPL6;RPL19
7,GO_Cellular_Component_2021,nucleolus (GO:0005730),38/733,3.342031548837572e-11,9.44123912546614e-10,0,0,3.9356551122738175,94.93531042055804,DCTN3;SNU13;ADAR;WDR43;FBL;PTBP1;NUB1;RPS19;OSBP;RPL36;RPL13;POLR2H;RPS11;RBM34;SPTBN1;RPL19;RPS7;NAA10;DIS3;KRR1;RPL23;RPS6;RPL13A;TFIP11;RPL23A;NOC3L;PA2G4;SDHA;ILF2;VMP1;RPS25;FRG1;AGPS;MRTO4;CMPK1;CCDC86;SRSF5;RAN
8,GO_Cellular_Component_2021,small ribosomal subunit (GO:0015935),11/45,4.9897351881158587e-11,1.1994383359052192e-09,0,0,21.86213866990095,518.5929540848771,RPS25;RPS19;RPS7;RPS18;RPS8;RPS6;RPS20;RPS11;UBA52;RPS12;RPS23
9,GO_Cellular_Component_2021,intracellular non-membrane-bounded organelle (GO:0043232),49/1158,5.307249273916898e-11,1.1994383359052192e-09,0,0,3.2463851277902323,76.80740206413844,MDC1;ADAR;SMC3;WDR43;FBL;PTBP1;NUB1;RPS19;RPS18;OSBP;RPL36;RAC1;RPS11;RBM34;RPS7;DIS3;RPL23;TUBB;RPS6;RPL13A;TFIP11;SDHA;ILF2;FRG1;AGPS;MRTO4;CMPK1;CCDC86;SRSF5;DCTN3;RRBP1;SNU13;SDCBP;CALD1;RPL13;MAPK1;RPL15;SPTBN1;RPL19;NAA10;KRR1;RPL23A;NOC3L;PA2G4;VMP1;RPS25;CAPZA1;RAN;RPS23
10,GO_Cellular_Component_2021,large ribosomal subunit (GO:0015934),12/59,6.713331225167941e-11,1.3792844153526862e-09,0,0,17.300953778429935,405.26343640419407,RPL21;RPLP1;RPL23;RPLP0;RPL36;RPL13A;RPL13;RPL23A;RPL15;RPL28;RPL6;RPL19
11,GO_Cellular_Component_2021,U2-type precatalytic spliceosome (GO:0071005),11/50,1.7171707906380494e-10,3.2340049890349924e-09,0,0,19.054454136928364,428.4426954523029,EFTUD2;SF3B2;SF3A1;PHF5A;SNRPD1;PRPF3;SNU13;SNRPB2;SNRNP200;PRPF8;SNRPB
12,GO_Cellular_Component_2021,nuclear lumen (GO:0031981),37/745,2.0849989530648975e-10,3.487253468014692e-09,0,0,3.744963223536936,83.4792844630045,DCTN3;SNU13;ADAR;WDR43;FBL;PTBP1;NUB1;RPS19;OSBP;RPL36;RPL13;RPS11;RBM34;SPTBN1;RPL19;RPS7;NAA10;DIS3;KRR1;RPL23;RPS6;RPL13A;TFIP11;RPL23A;NOC3L;PA2G4;SDHA;ILF2;VMP1;RPS25;FRG1;AGPS;MRTO4;CMPK1;CCDC86;SRSF5;RAN
13,GO_Cellular_Component_2021,spliceosomal snRNP complex (GO:0097525),11/51,2.160245511159544e-10,3.487253468014692e-09,0,0,18.577147766323023,413.44610953388354,SF3B2;SF3A1;SNRNP40;PHF5A;SNRPD1;SF3B6;SNU13;SNRPB2;SNRNP200;PRPF8;SNRPB
14,GO_Cellular_Component_2021,U2-type catalytic step 2 spliceosome (GO:0071007),9/30,3.924401641703148e-10,5.912765140166076e-09,0,0,28.781569965870307,623.3695772832555,EFTUD2;PPIL1;SNRNP40;SNW1;SNRPD1;SNRPB2;PLRG1;PRPF8;SNRPB
15,GO_Cellular_Component_2021,organelle inner membrane (GO:0019866),24/346,6.254727099808897e-10,8.81942700135912e-09,0,0,5.194870190803878,110.09235621351246,NDUFB9;NDUFA8;NDUFB8;MRPS25;NDUFB5;NDUFA10;TIMM23;MRPL39;SDHA;TYMS;SDHB;COX6B1;LETM1;TIMM10B;MRPL3;LDHB;HADHA;MRPL50;NDUFS6;NDUFS3;PMPCA;MATR3;SLC25A11;ATP5MF
16,GO_Cellular_Component_2021,mitochondrial membrane (GO:0031966),28/469,6.907473262092217e-10,8.81942700135912e-09,0,0,4.462287104622871,94.124124185287,NDUFB9;NDUFB8;NDUFB5;NDUFA10;MRPL39;TYMS;HK2;MRPL3;LDHB;PGRMC1;SAMM50;PMPCA;ATP5MF;NDUFA8;MRPS25;TIMM23;SDHA;SDHB;COX6B1;LETM1;TIMM10B;QTRT1;HADHA;MRPL50;NDUFS6;NDUFS3;SLC25A11;UBA52
17,GO_Cellular_Component_2021,mitochondrial matrix (GO:0005759),24/348,7.024322390463017e-10,8.81942700135912e-09,0,0,5.162270183852917,108.80244389624292,TSFM;FH;GFM1;NDUFB8;TRMT10C;ACAA2;POLDIP2;KARS1;PRORP;MRPL39;DLST;ETFB;TYMS;GCSH;GLUD1;MTHFD1L;ALDH1B1;FDXR;NDUFS3;SUCLG2;IARS2;NDUFS1;HADH;ALDH7A1
18,GO_Cellular_Component_2021,mitochondrial inner membrane (GO:0005743),23/328,1.1685355996741759e-09,1.3438075105442273e-08,0,0,5.241659321934309,107.80790408845888,NDUFB9;NDUFA8;NDUFB8;MRPS25;NDUFB5;NDUFA10;TIMM23;MRPL39;SDHA;TYMS;SDHB;COX6B1;LETM1;TIMM10B;MRPL3;LDHB;HADHA;MRPL50;NDUFS6;NDUFS3;PMPCA;SLC25A11;ATP5MF
19,GO_Cellular_Component_2021,focal adhesion (GO:0005925),25/387,1.1892101863223251e-09,1.3438075105442273e-08,0,0,4.820791032570756,99.06714223380136,MDC1;AHNAK;RPLP1;RPLP0;RPL6;LIMA1;RPS19;RPS18;CFL1;MAPK1;RAC1;RPS11;RPL19;ACTR2;RPS7;RPS8;RPL23;NME2;RPL13A;ACTN4;HSPG2;LAP3;PPIA;HSPA1B;CD44
20,GO_Cellular_Component_2021,cell-substrate junction (GO:0030055),25/394,1.7178010565213967e-09,1.848681137018265e-08,0,0,4.727627601185759,95.41402419974608,MDC1;AHNAK;RPLP1;RPLP0;RPL6;LIMA1;RPS19;RPS18;CFL1;MAPK1;RAC1;RPS11;RPL19;ACTR2;RPS7;RPS8;RPL23;NME2;RPL13A;ACTN4;HSPG2;LAP3;PPIA;HSPA1B;CD44
21,GO_Cellular_Component_2021,U2 snRNP (GO:0005686),7/20,1.0937703664737158e-08,1.1236004673775445e-07,0,0,35.93089960886571,658.6511160053025,SF3A1;SF3B2;PHF5A;SNRPD1;SF3B6;SNRPB2;SNRPB
22,GO_Cellular_Component_2021,intracellular organelle lumen (GO:0070013),36/848,2.321970183687424e-08,2.2815880935363387e-07,0,0,3.147783251231527,55.3325672132482,FH;GFM1;NDUFB8;ACAA2;POLDIP2;KARS1;PRORP;DLST;ETFB;TYMS;GCSH;MTHFD1L;ALDH1B1;FDXR;MAPK1;IARS2;HADH;TSFM;ACTR2;HSP90AA1;TRMT10C;NME2;HSPG2;ILF2;KTN1;GLUD1;ERP44;RCN1;PSMA2;NDUFS3;SUCLG2;NDUFS1;ALDH7A1;PPIA;HSPA1B;KPNB1
23,GO_Cellular_Component_2021,mitochondrial respiratory chain complex I (GO:0005747),8/42,1.8615406808514025e-07,1.6828327754896674e-06,0,0,15.7374949979992,243.8790999790241,NDUFB9;NDUFA8;NDUFB8;NDUFB5;NDUFS6;NDUFA10;NDUFS3;NDUFS1
24,GO_Cellular_Component_2021,respiratory chain complex I (GO:0045271),8/42,1.8615406808514025e-07,1.6828327754896674e-06,0,0,15.7374949979992,243.8790999790241,NDUFB9;NDUFA8;NDUFB8;NDUFB5;NDUFS6;NDUFA10;NDUFS3;NDUFS1
25,GO_Cellular_Component_2021,spliceosomal tri-snRNP complex (GO:0097526),7/32,4.065566440661665e-07,3.4030296873686525e-06,0,0,18.67267796610169,274.7785875409892,EFTUD2;SNRPD1;PRPF3;SNU13;SNRNP200;PRPF8;SNRPB
26,GO_Cellular_Component_2021,U4/U6 x U5 tri-snRNP complex (GO:0046540),7/32,4.065566440661665e-07,3.4030296873686525e-06,0,0,18.67267796610169,274.7785875409892,EFTUD2;SNRPD1;PRPF3;SNU13;SNRNP200;PRPF8;SNRPB
27,GO_Cellular_Component_2021,U5 snRNP (GO:0005682),5/17,4.049206548071048e-06,3.268288142371631e-05,0,0,27.61784511784512,342.930495881524,SNRNP40;SNRPD1;SNRNP200;PRPF8;SNRPB
28,GO_Cellular_Component_2021,polysomal ribosome (GO:0042788),6/30,4.935342185581869e-06,3.846163220487939e-05,0,0,16.616554054054053,203.0391453651588,LARP1;NUFIP2;RPL36;RPL6;RPL19;RPS23
29,GO_Cellular_Component_2021,U2-type catalytic step 1 spliceosome (GO:0071006),4/12,2.292734370290932e-05,0.00017271932256191687,0,0,33.03691275167785,352.93929586314124,RBM8A;CASC3;SNRNP200;PRPF8
30,GO_Cellular_Component_2021,U12-type spliceosomal complex (GO:0005689),5/28,5.6120782239437685e-05,0.0004091386060036425,0,0,14.401258966476355,140.95958561290018,SF3B2;PHF5A;SNRPD1;SF3B6;SNRPB
31,GO_Cellular_Component_2021,ficolin-1-rich granule lumen (GO:1904813),9/123,0.00010590179441649763,0.0007479314230665146,0,0,5.276809771869948,48.29863119353846,ACTR2;HSP90AA1;PSMA2;NME2;MAPK1;ILF2;PPIA;KPNB1;HSPA1B
32,GO_Cellular_Component_2021,ficolin-1-rich granule (GO:0101002),11/184,0.0001162127265679234,0.0007958810971015361,0,0,4.266233637248475,38.65245302070415,ACTR2;HSP90AA1;PSMA2;NME2;MAPK1;RAC1;LAMTOR1;ILF2;PPIA;KPNB1;HSPA1B
33,GO_Cellular_Component_2021,vesicle (GO:0031982),12/226,0.00017622256630391023,0.0011713617642554,0,0,3.767450854012246,32.56495146951266,TUBA1C;SDCBP;MYL6;AHNAK;DCTN2;CFL1;STX7;UBA52;PPIA;VAMP2;HSPA1B;APPL1
34,GO_Cellular_Component_2021,organelle envelope lumen (GO:0031970),6/64,0.0004054073673997074,0.0026177732866381,0,0,6.863932898415657,53.611558883267605,TIMM10B;NDUFA8;TUBB;TIMM23;NDUFS1;CCAR1
35,GO_Cellular_Component_2021,integral component of mitochondrial inner membrane (GO:0031305),5/51,0.0010105638705104,0.0063440954093159,0,0,7.192211974820671,49.606461145338265,COA3;SAMM50;SCO1;TIMM23;SFXN1
36,GO_Cellular_Component_2021,secretory granule lumen (GO:0034774),13/316,0.0010942523377445,0.0066838115764937,0,0,2.879338106821063,19.63041718455683,ACTR2;HSP90AA1;TUBB;NME2;ACTN4;PA2G4;ILF2;ERP44;SDCBP;PSMA2;MAPK1;PPIA;KPNB1
37,GO_Cellular_Component_2021,trans-Golgi network transport vesicle (GO:0030140),3/15,0.0013556056915004,0.0080622864810291,0,0,16.459866220735787,108.69284048645804,TMED9;GOPC;RAB8A
38,GO_Cellular_Component_2021,small-subunit processome (GO:0032040),4/37,0.0022731546318477,0.0131726396614769,0,0,7.998779743746186,48.685266457116604,FBL;RPS7;KRR1;SNU13
39,GO_Cellular_Component_2021,U1 snRNP (GO:0005685),3/18,0.0023510407661566,0.0132833803287851,0,0,13.165886287625415,79.69175584633483,SNRPD1;SNRPB2;SNRPB
40,GO_Cellular_Component_2021,SWI/SNF complex (GO:0016514),3/19,0.0027608979795472,0.0148140241562803,0,0,12.342391304347826,72.72382936999963,SMARCC1;SMARCD2;SMARCC2
41,GO_Cellular_Component_2021,intrinsic component of mitochondrial inner membrane (GO:0031304),4/39,0.0027649218198412,0.0148140241562803,0,0,7.540939597315436,44.4217365379765,COA3;SCO1;TIMM23;SFXN1
42,GO_Cellular_Component_2021,endoplasmic reticulum membrane (GO:0005789),21/712,0.0028185975164604,0.0148140241562803,0,0,2.055646826766098,12.069762930154106,TMED9;SEC23A;ARL6IP1;PITPNB;MGST3;HSD17B12;RTN4;MTDH;KTN1;VMP1;DPM1;ERP44;LMAN1;DPM3;ILVBL;LMAN2;SSR1;PLP2;RAC1;UBA52;SLC27A4
43,GO_Cellular_Component_2021,cytoplasmic stress granule (GO:0010494),5/65,0.0029942127318304,0.0153793653953111,0,0,5.51010101010101,32.01960440195663,LARP1;NUFIP2;CIRBP;ELAVL1;KPNB1
44,GO_Cellular_Component_2021,box C/D RNP complex (GO:0031428),2/6,0.003274844387794,0.0160894528617707,0,0,32.82333333333333,187.7982068943438,FBL;SNU13
45,GO_Cellular_Component_2021,nuclear envelope lumen (GO:0005641),2/6,0.003274844387794,0.0160894528617707,0,0,32.82333333333333,187.7982068943438,TUBB;CCAR1
46,GO_Cellular_Component_2021,ESC/E(Z) complex (GO:0035098),2/8,0.005992069110923,0.0288129280652894,0,0,21.88,111.96692875742148,HDAC2;RBBP4
47,GO_Cellular_Component_2021,microtubule (GO:0005874),8/182,0.0065670238054984,0.0309197370842217,0,0,3.053248885761201,15.3446962750744,TUBA1C;TUBA1B;TUBB2B;BOD1;DPYSL2;TUBB;TBCD;CCT4
48,GO_Cellular_Component_2021,U4 snRNP (GO:0005687),2/9,0.0076276181896285,0.035180443078695,0,0,18.75333333333333,91.44087163351396,SNRPD1;SNRPB
49,GO_Cellular_Component_2021,azurophil granule (GO:0042582),7/155,0.0093239765557086,0.0421443740318031,0,0,3.1344480073293632,14.654064978986735,SDCBP;ACTR2;TUBB;STX7;MAPK1;PA2G4;LAMTOR1
50,GO_Cellular_Component_2021,vacuolar lumen (GO:0005775),7/161,0.0113373979735662,0.0478096193067664,0,0,3.011402157164869,13.490023043629892,SDCBP;ACTR2;HSP90AA1;TUBB;MAPK1;PA2G4;HSPG2
51,GO_Cellular_Component_2021,mitochondrial intermembrane space (GO:0005758),4/58,0.0114123335451896,0.0478096193067664,0,0,4.882923191648024,21.84161143159372,TIMM10B;NDUFA8;TIMM23;NDUFS1
52,GO_Cellular_Component_2021,npBAF complex (GO:0071564),2/11,0.011423537356484,0.0478096193067664,0,0,14.584444444444443,65.22279314787393,SMARCC1;SMARCC2
53,GO_Cellular_Component_2021,Sin3 complex (GO:0016580),2/11,0.011423537356484,0.0478096193067664,0,0,14.584444444444443,65.22279314787393,HDAC2;RBBP4
54,GO_Cellular_Component_2021,azurophil granule lumen (GO:0035578),5/90,0.0117619619464711,0.0483309709073178,0,0,3.884531590413944,17.258525263678592,ACTR2;SDCBP;TUBB;MAPK1;PA2G4
55,GO_Cellular_Component_2021,nuclear membrane (GO:0031965),8/204,0.0125690368491505,0.050505032498248,0,0,2.707482993197279,11.849350443220318,NUP93;SDCBP;MATR3;CASC3;PLRG1;KPNB1;ATP5MF;LMNB2
56,GO_Cellular_Component_2021,mitochondrial envelope (GO:0005740),6/127,0.0127379949221245,0.050505032498248,0,0,3.279595711413893,14.309420585983895,TIMM10B;NDUFA8;NDUFS3;TIMM23;NDUFS1;SDHB
57,GO_Cellular_Component_2021,polymeric cytoskeletal fiber (GO:0099513),9/256,0.0161559602388242,0.0629525347236943,0,0,2.4189108897210208,9.97913521882584,PNN;TUBA1C;TUBA1B;TUBB2B;DPYSL2;TUBB;TBCD;RAC1;CCT4
58,GO_Cellular_Component_2021,integral component of mitochondrial membrane (GO:0032592),4/66,0.017661917915275,0.0676541262517315,0,0,4.251136609655769,17.15905181990492,COA3;SCO1;TIMM23;SFXN1
59,GO_Cellular_Component_2021,nBAF complex (GO:0071565),2/14,0.0183462476666511,0.0691041995443861,0,0,10.936666666666667,43.728404754343785,SMARCC1;SMARCC2
60,GO_Cellular_Component_2021,cytoskeleton (GO:0005856),16/600,0.020571201227559,0.0751905569560006,0,0,1.8310182967717212,7.111424544665897,ACTR2;AHNAK;TUBB;ACTN4;HYPK;LIMA1;TUBA1C;SDCBP;TUBB2B;TUBA1B;CALD1;CAPZA1;CFL1;MAPK1;RAC1;SPTBN1
61,GO_Cellular_Component_2021,prespliceosome (GO:0071010),2/15,0.0209601995054338,0.0751905569560006,0,0,10.094871794871796,39.01799082299389,SF3A1;SNRPB
62,GO_Cellular_Component_2021,U2-type prespliceosome (GO:0071004),2/15,0.0209601995054338,0.0751905569560006,0,0,10.094871794871796,39.01799082299389,SF3A1;SNRPB
63,GO_Cellular_Component_2021,COPII-coated ER to Golgi transport vesicle (GO:0030134),4/79,0.0316761502553805,0.1118564055893125,0,0,3.5119463087248324,12.123910279297828,LMAN1;TMED9;SEC23A;LMAN2
64,GO_Cellular_Component_2021,clathrin-coated vesicle (GO:0030136),4/80,0.0329611431851756,0.114603359382303,0,0,3.4655598728364536,11.825966235235422,TMED9;GOPC;RAB8A;VAMP2
65,GO_Cellular_Component_2021,Golgi-associated vesicle (GO:0005798),3/47,0.033927517205637,0.1161760437647573,0,0,4.481757373061721,15.164155490921264,TMED9;GOPC;RAB8A
66,GO_Cellular_Component_2021,endoplasmic reticulum-Golgi intermediate compartment membrane (GO:0033116),3/49,0.0377187333631212,0.1272303543293343,0,0,4.286462120110513,14.04930139408577,LMAN1;TMED9;YKT6
67,GO_Cellular_Component_2021,coated vesicle (GO:0030135),4/84,0.0384025485688385,0.1276319996552576,0,0,3.291610738255033,10.72943789216693,LMAN1;TMED9;LMAN2;VAMP2
68,GO_Cellular_Component_2021,mitochondrial outer membrane (GO:0005741),5/126,0.0424610910485568,0.139075457637302,0,0,2.723794418009294,8.604921786413422,QTRT1;PGRMC1;SAMM50;UBA52;HK2
69,GO_Cellular_Component_2021,endoplasmic reticulum tubular network (GO:0071782),2/23,0.0466796594967694,0.1507086149467126,0,0,6.246666666666667,19.14257746497207,RTN4;KPNB1
70,GO_Cellular_Component_2021,transport vesicle membrane (GO:0030658),3/60,0.0621869152574681,0.1979470823688423,0,0,3.45731385319486,9.60307183780962,LMAN1;SEC23A;VAMP2
71,GO_Cellular_Component_2021,organelle outer membrane (GO:0031968),5/142,0.0644602506618994,0.2019141824095582,0,0,2.4037209073705426,6.590297269479289,QTRT1;PGRMC1;SAMM50;UBA52;HK2
72,GO_Cellular_Component_2021,specific granule lumen (GO:0035580),3/62,0.0672641163939937,0.2019141824095582,0,0,3.339776656652117,9.014485934533813,ERP44;ILF2;KPNB1
73,GO_Cellular_Component_2021,clathrin-sculpted monoamine transport vesicle (GO:0070081),1/5,0.0732608980424061,0.2019141824095582,0,0,16.357142857142858,42.75312659443924,VAMP2
74,GO_Cellular_Component_2021,clathrin-sculpted monoamine transport vesicle membrane (GO:0070083),1/5,0.0732608980424061,0.2019141824095582,0,0,16.357142857142858,42.75312659443924,VAMP2
75,GO_Cellular_Component_2021,endoplasmic reticulum tubular network membrane (GO:0098826),1/5,0.0732608980424061,0.2019141824095582,0,0,16.357142857142858,42.75312659443924,RTN4
76,GO_Cellular_Component_2021,MPP7-DLG1-LIN7 complex (GO:0097025),1/5,0.0732608980424061,0.2019141824095582,0,0,16.357142857142858,42.75312659443924,LIN7A
77,GO_Cellular_Component_2021,NatA complex (GO:0031415),1/5,0.0732608980424061,0.2019141824095582,0,0,16.357142857142858,42.75312659443924,NAA10
78,GO_Cellular_Component_2021,NURF complex (GO:0016589),1/5,0.0732608980424061,0.2019141824095582,0,0,16.357142857142858,42.75312659443924,RBBP4
79,GO_Cellular_Component_2021,oxoglutarate dehydrogenase complex (GO:0045252),1/5,0.0732608980424061,0.2019141824095582,0,0,16.357142857142858,42.75312659443924,DLST
80,GO_Cellular_Component_2021,Sec61 translocon complex (GO:0005784),1/5,0.0732608980424061,0.2019141824095582,0,0,16.357142857142858,42.75312659443924,ARL6IP1
81,GO_Cellular_Component_2021,sorting endosome (GO:0097443),1/5,0.0732608980424061,0.2019141824095582,0,0,16.357142857142858,42.75312659443924,ARHGAP1
82,GO_Cellular_Component_2021,"signal recognition particle, endoplasmic reticulum targeting (GO:0005786)",1/6,0.0872581320254043,0.2320039745616632,0,0,13.085049833887044,31.9129254638413,SRP72
83,GO_Cellular_Component_2021,zymogen granule (GO:0042588),1/6,0.0872581320254043,0.2320039745616632,0,0,13.085049833887044,31.9129254638413,VAMP2
84,GO_Cellular_Component_2021,zymogen granule membrane (GO:0042589),1/6,0.0872581320254043,0.2320039745616632,0,0,13.085049833887044,31.9129254638413,VAMP2
85,GO_Cellular_Component_2021,chromosome (GO:0005694),5/160,0.095542086270482,0.2481897873233211,0,0,2.122624090366026,4.984321340087353,MDC1;KRR1;CCDC86;SMC3;RBM34
86,GO_Cellular_Component_2021,specific granule (GO:0042581),5/160,0.095542086270482,0.2481897873233211,0,0,2.122624090366026,4.984321340087353,ERP44;PGRMC1;LAMTOR1;ILF2;KPNB1
87,GO_Cellular_Component_2021,cytoplasmic vesicle lumen (GO:0060205),4/115,0.0966753025383525,0.2482797542462235,0,0,2.3685833484491203,5.53395176869797,HSP90AA1;PSMA2;NME2;PPIA
88,GO_Cellular_Component_2021,macropinosome (GO:0044354),1/7,0.1010446466675674,0.2489721452865856,0,0,10.903654485049834,24.993278452619364,APPL1
89,GO_Cellular_Component_2021,pinosome (GO:0044352),1/7,0.1010446466675674,0.2489721452865856,0,0,10.903654485049834,24.993278452619364,APPL1
90,GO_Cellular_Component_2021,U7 snRNP (GO:0005683),1/7,0.1010446466675674,0.2489721452865856,0,0,10.903654485049834,24.993278452619364,SNRPB
91,GO_Cellular_Component_2021,membrane raft (GO:0045121),5/163,0.1013514927715304,0.2489721452865856,0,0,2.0820014490900567,4.766035847374202,LDHB;SDCBP;AHNAK;LAMTOR1;S100A10
92,GO_Cellular_Component_2021,vesicle coat (GO:0030120),2/36,0.1024569176007276,0.2489813266426285,0,0,3.855686274509804,8.784459719161548,SEC23A;EPN1
93,GO_Cellular_Component_2021,actin cytoskeleton (GO:0015629),8/316,0.1073344085829913,0.2539699444586227,0,0,1.7130488559059989,3.823192722273783,LIMA1;ACTR2;AHNAK;CALD1;CAPZA1;CFL1;ACTN4;RAC1
94,GO_Cellular_Component_2021,lytic vacuole membrane (GO:0098852),7/267,0.1110046307413317,0.2539699444586227,0,0,1.7740026075619295,3.8995830128046607,ATP6V1A;AHNAK;STX7;GOPC;LAMTOR1;UBA52;NAPG
95,GO_Cellular_Component_2021,intrinsic component of endoplasmic reticulum membrane (GO:0031227),4/121,0.1110452420016093,0.2539699444586227,0,0,2.2464291860265013,4.937241546289469,DPM3;ARL6IP1;RRBP1;RTN4
96,GO_Cellular_Component_2021,bicellular tight junction (GO:0005923),3/78,0.1140383829746623,0.2539699444586227,0,0,2.6251505016722407,5.699779782821375,TJP1;TBCD;MTDH
97,GO_Cellular_Component_2021,clathrin-sculpted gamma-aminobutyric acid transport vesicle (GO:0061200),1/8,0.1146236032512368,0.2539699444586227,0,0,9.345514950166113,20.24333426822986,VAMP2
98,GO_Cellular_Component_2021,clathrin-sculpted gamma-aminobutyric acid transport vesicle membrane (GO:0061202),1/8,0.1146236032512368,0.2539699444586227,0,0,9.345514950166113,20.24333426822986,VAMP2
99,GO_Cellular_Component_2021,"proton-transporting V-type ATPase, V1 domain (GO:0033180)",1/8,0.1146236032512368,0.2539699444586227,0,0,9.345514950166113,20.24333426822986,ATP6V1A
100,GO_Cellular_Component_2021,spectrin-associated cytoskeleton (GO:0014731),1/8,0.1146236032512368,0.2539699444586227,0,0,9.345514950166113,20.24333426822986,SPTBN1
101,GO_Cellular_Component_2021,"vacuolar proton-transporting V-type ATPase, V1 domain (GO:0000221)",1/8,0.1146236032512368,0.2539699444586227,0,0,9.345514950166113,20.24333426822986,ATP6V1A
102,GO_Cellular_Component_2021,cell-cell junction (GO:0005911),7/271,0.1174747116924489,0.2577600470144997,0,0,1.7467642526964562,3.7407518723461,TJP1;PNN;SDCBP;AHNAK;CTNND1;LIN7A;MTDH
103,GO_Cellular_Component_2021,bounding membrane of organelle (GO:0098588),16/767,0.1208978779999414,0.262720388730642,0,0,1.411414151760357,2.982048625898428,TMED9;PITPNB;ARHGAP1;ARFGAP1;NAPG;LMAN1;LMAN2;OSBP;GOPC;RAC1;YKT6;UBA52;VAMP2;CD44;RAB8A;APPL1
104,GO_Cellular_Component_2021,pseudopodium (GO:0031143),1/9,0.1279981159725524,0.2755007067599699,0,0,8.176910299003323,16.80959940412112,ACTN4
105,GO_Cellular_Component_2021,microtubule cytoskeleton (GO:0015630),8/331,0.1298192470246331,0.2767844323355387,0,0,1.6322318401044629,3.33238444376842,TUBA1C;TUBB2B;TUBA1B;DPYSL2;TUBB;TBCD;HYPK;CCT4
106,GO_Cellular_Component_2021,tight junction (GO:0070160),3/85,0.1374932260976593,0.290406253253,0,0,2.400195774532996,4.762421958835844,TJP1;TBCD;MTDH
107,GO_Cellular_Component_2021,adherens junction (GO:0005912),4/132,0.1396549947788654,0.2922410075928111,0,0,2.0522231543624163,4.039965910392096,TJP1;SDCBP;CTNND1;LIN7A
108,GO_Cellular_Component_2021,ISWI-type complex (GO:0031010),1/10,0.141171252587788,0.292548299439507,0,0,7.267995570321152,14.229147765493067,RBBP4
109,GO_Cellular_Component_2021,asymmetric synapse (GO:0032279),4/133,0.1423907652139193,0.292548299439507,0,0,2.0362103948805994,3.9689408485802216,RPS25;RPS19;RPS18;RPLP0
110,GO_Cellular_Component_2021,vacuolar membrane (GO:0005774),2/45,0.1477271051506922,0.3003189993367252,0,0,3.0472868217054265,5.82759655249774,VMP1;NAPG
111,GO_Cellular_Component_2021,cell cortex region (GO:0099738),1/11,0.1541460350577881,0.3003189993367252,0,0,6.540863787375415,12.230465851848312,ENO1
112,GO_Cellular_Component_2021,intracellular vesicle (GO:0097708),1/11,0.1541460350577881,0.3003189993367252,0,0,6.540863787375415,12.230465851848312,APPL1
113,GO_Cellular_Component_2021,nuclear inclusion body (GO:0042405),1/11,0.1541460350577881,0.3003189993367252,0,0,6.540863787375415,12.230465851848312,PABPN1
114,GO_Cellular_Component_2021,post-mRNA release spliceosomal complex (GO:0071014),1/11,0.1541460350577881,0.3003189993367252,0,0,6.540863787375415,12.230465851848312,TFIP11
115,GO_Cellular_Component_2021,primary lysosome (GO:0005766),1/11,0.1541460350577881,0.3003189993367252,0,0,6.540863787375415,12.230465851848312,STX7
116,GO_Cellular_Component_2021,postsynaptic density (GO:0014069),4/138,0.1563804980127763,0.3010830668272037,0,0,1.959731543624161,3.6362096663378254,RPS25;RPS19;RPS18;RPLP0
117,GO_Cellular_Component_2021,multivesicular body (GO:0005771),2/47,0.1582737504734605,0.3010830668272037,0,0,2.911555555555556,5.367246374914515,CHMP2B;CHMP2A
118,GO_Cellular_Component_2021,late endosome (GO:0005770),5/189,0.1585348891700763,0.3010830668272037,0,0,1.785426731078905,3.288364296277526,STX7;CHMP2B;CHMP2A;MAPK1;LAMTOR1
119,GO_Cellular_Component_2021,clathrin vesicle coat (GO:0030125),1/12,0.1669254401490494,0.3085468809065125,0,0,5.945937783147086,10.644465579745312,EPN1
120,GO_Cellular_Component_2021,early phagosome (GO:0032009),1/12,0.1669254401490494,0.3085468809065125,0,0,5.945937783147086,10.644465579745312,APPL1
121,GO_Cellular_Component_2021,Set1C/COMPASS complex (GO:0048188),1/12,0.1669254401490494,0.3085468809065125,0,0,5.945937783147086,10.644465579745312,HCFC1
122,GO_Cellular_Component_2021,integral component of endoplasmic reticulum membrane (GO:0030176),4/142,0.1679259573075267,0.3085468809065125,0,0,1.902538663554129,3.3945706064516266,DPM3;ARL6IP1;RRBP1;RTN4
123,GO_Cellular_Component_2021,recycling endosome (GO:0055037),4/145,0.1767775400035608,0.3194472633243492,0,0,1.861773525631872,3.226198779084721,STX7;RAC1;RAB8A;RAN
124,GO_Cellular_Component_2021,MIB complex (GO:0140275),1/13,0.1795124001866918,0.3194472633243492,0,0,5.45016611295681,9.36072020515726,SAMM50
125,GO_Cellular_Component_2021,RNA polymerase I complex (GO:0005736),1/13,0.1795124001866918,0.3194472633243492,0,0,5.45016611295681,9.36072020515726,POLR2H
126,GO_Cellular_Component_2021,SAM complex (GO:0001401),1/13,0.1795124001866918,0.3194472633243492,0,0,5.45016611295681,9.36072020515726,SAMM50
127,GO_Cellular_Component_2021,apical junction complex (GO:0043296),3/98,0.1847727279896266,0.3262393478566846,0,0,2.0703749339904944,3.496094546710176,TJP1;TBCD;MTDH
128,GO_Cellular_Component_2021,lysosome (GO:0005764),10/477,0.1868061909796034,0.3272728617162045,0,0,1.410269572614473,2.3659861496983576,ATP6V1A;HSP90AA1;AHNAK;STX7;CHMP2B;GOPC;LAMTOR1;HSPG2;UBA52;NAPG
129,GO_Cellular_Component_2021,axonal growth cone (GO:0044295),1/14,0.1919098036149151,0.3285728455831123,0,0,5.030667007411194,8.304271893564902,HSP90AA1
130,GO_Cellular_Component_2021,mRNA cleavage and polyadenylation specificity factor complex (GO:0005847),1/14,0.1919098036149151,0.3285728455831123,0,0,5.030667007411194,8.304271893564902,WDR33
131,GO_Cellular_Component_2021,TIM23 mitochondrial import inner membrane translocase complex (GO:0005744),1/14,0.1919098036149151,0.3285728455831123,0,0,5.030667007411194,8.304271893564902,TIMM23
132,GO_Cellular_Component_2021,ER to Golgi transport vesicle membrane (GO:0012507),2/54,0.1961378745125462,0.3318793670990482,0,0,2.5187179487179487,4.1028339313482665,LMAN1;SEC23A
133,GO_Cellular_Component_2021,coated vesicle membrane (GO:0030662),2/55,0.2016403343820994,0.3318793670990482,0,0,2.471069182389937,3.956848187253808,LMAN1;SEC23A
134,GO_Cellular_Component_2021,clathrin coat (GO:0030118),1/15,0.2041204956936623,0.3318793670990482,0,0,4.67109634551495,7.422581331733438,EPN1
135,GO_Cellular_Component_2021,COPII vesicle coat (GO:0030127),1/15,0.2041204956936623,0.3318793670990482,0,0,4.67109634551495,7.422581331733438,SEC23A
136,GO_Cellular_Component_2021,PRC1 complex (GO:0035102),1/15,0.2041204956936623,0.3318793670990482,0,0,4.67109634551495,7.422581331733438,RING1
137,GO_Cellular_Component_2021,proton-transporting ATP synthase complex (GO:0045259),1/15,0.2041204956936623,0.3318793670990482,0,0,4.67109634551495,7.422581331733438,ATP5MF
138,GO_Cellular_Component_2021,"RNA polymerase II, core complex (GO:0005665)",1/15,0.2041204956936623,0.3318793670990482,0,0,4.67109634551495,7.422581331733438,POLR2H
139,GO_Cellular_Component_2021,microvillus (GO:0005902),2/57,0.2126962765238017,0.3433525606741371,0,0,2.380969696969697,3.6854793335151577,CD44;SLC27A4
140,GO_Cellular_Component_2021,recycling endosome membrane (GO:0055038),2/58,0.2182462509375633,0.3498131398006334,0,0,2.3383333333333334,3.559250268215588,RAC1;RAB8A
141,GO_Cellular_Component_2021,protein phosphatase type 2A complex (GO:0000159),1/17,0.2279929147821578,0.3628619629631527,0,0,4.086794019933555,6.042082717955007,PTPA
142,GO_Cellular_Component_2021,lysosomal membrane (GO:0005765),7/330,0.2329344155563373,0.3679254477096112,0,0,1.4233614944639763,2.073835339404928,ATP6V1A;AHNAK;STX7;GOPC;LAMTOR1;UBA52;NAPG
143,GO_Cellular_Component_2021,ficolin-1-rich granule membrane (GO:0101003),2/61,0.2349641547733917,0.3679254477096112,0,0,2.21909604519774,3.213966308853538,RAC1;LAMTOR1
144,GO_Cellular_Component_2021,tertiary granule (GO:0070820),4/164,0.2360583624685558,0.3679254477096112,0,0,1.6390939597315437,2.3663209489549133,STX7;RAC1;LAMTOR1;ILF2
145,GO_Cellular_Component_2021,mitochondrial proton-transporting ATP synthase complex (GO:0005753),1/18,0.2396601220894562,0.3684570584504564,0,0,3.846198944694157,5.494424106700029,ATP5MF
146,GO_Cellular_Component_2021,RNA polymerase III complex (GO:0005666),1/18,0.2396601220894562,0.3684570584504564,0,0,3.846198944694157,5.494424106700029,POLR2H
147,GO_Cellular_Component_2021,vacuolar proton-transporting V-type ATPase complex (GO:0016471),1/19,0.2511515798501987,0.3835152503117899,0,0,3.6323366555924697,5.01879453838225,ATP6V1A
148,GO_Cellular_Component_2021,endocytic vesicle lumen (GO:0071682),1/21,0.273617762170295,0.4122507616699112,0,0,3.2687707641196013,4.23640266447954,HSP90AA1
149,GO_Cellular_Component_2021,mitochondrial outer membrane translocase complex (GO:0005742),1/21,0.273617762170295,0.4122507616699112,0,0,3.2687707641196013,4.23640266447954,SAMM50
150,GO_Cellular_Component_2021,autophagosome membrane (GO:0000421),1/22,0.2845976462867806,0.425954093117963,0,0,3.1129568106312293,3.91198702725364,VMP1
151,GO_Cellular_Component_2021,trans-Golgi network (GO:0005802),5/239,0.294213237587606,0.4335268497906709,0,0,1.4003280669947336,1.713232041000061,GOLPH3;OSBP;RAC1;RAB8A;VAMP2
152,GO_Cellular_Component_2021,mitochondrial ribosome (GO:0005761),1/23,0.2954121011847935,0.4335268497906709,0,0,2.9713077620054364,3.623164978577796,MRPL39
153,GO_Cellular_Component_2021,"preribosome, large subunit precursor (GO:0030687)",1/23,0.2954121011847935,0.4335268497906709,0,0,2.9713077620054364,3.623164978577796,MRTO4
154,GO_Cellular_Component_2021,gap junction (GO:0005921),1/24,0.3060636112091975,0.4433998470081964,0,0,2.8419760219558,3.3647925211139205,TJP1
155,GO_Cellular_Component_2021,Golgi-associated vesicle membrane (GO:0030660),1/24,0.3060636112091975,0.4433998470081964,0,0,2.8419760219558,3.3647925211139205,GOPC
156,GO_Cellular_Component_2021,endocytic vesicle (GO:0030139),4/189,0.3196466105314264,0.4601282419114801,0,0,1.4157808815526935,1.6147536442995996,HSP90AA1;STX7;UBA52;RAB8A
157,GO_Cellular_Component_2021,MLL1 complex (GO:0071339),1/26,0.3268875481850421,0.4646326156592422,0,0,2.6143521594684387,2.9232092571317745,HCFC1
158,GO_Cellular_Component_2021,MLL1/2 complex (GO:0044665),1/26,0.3268875481850421,0.4646326156592422,0,0,2.6143521594684387,2.9232092571317745,HCFC1
159,GO_Cellular_Component_2021,myofibril (GO:0030016),1/27,0.3370647600716259,0.4761039736011717,0,0,2.5136723741374905,2.733568937937984,SCO1
160,GO_Cellular_Component_2021,P-body (GO:0000932),2/80,0.3409693346109438,0.4786277616277845,0,0,1.676923076923077,1.8043067378319544,PSMA2;SAMD4B
161,GO_Cellular_Component_2021,nuclear inner membrane (GO:0005637),1/28,0.3470885978003497,0.4842100191535743,0,0,2.4204503506829087,2.5612605497830456,MATR3
162,GO_Cellular_Component_2021,cytoplasmic vesicle membrane (GO:0030659),7/380,0.3509373995680079,0.4865757809961336,0,0,1.229381560412596,1.28734372946611,ARHGAP1;GOPC;RAC1;UBA52;VAMP2;CD44;APPL1
163,GO_Cellular_Component_2021,actin-based cell projection (GO:0098858),2/83,0.3574099265952529,0.4925283134788241,0,0,1.614567901234568,1.66118354773136,CD44;SLC27A4
164,GO_Cellular_Component_2021,endosome membrane (GO:0010008),6/325,0.3675245557368587,0.5033972702820004,0,0,1.231403033127171,1.2325915146592783,ARHGAP1;LAMTOR1;RAC1;UBA52;RAB8A;APPL1
165,GO_Cellular_Component_2021,lysosomal lumen (GO:0043202),2/86,0.373700623570165,0.506162961732767,0,0,1.5566666666666666,1.5322274262989335,HSP90AA1;HSPG2
166,GO_Cellular_Component_2021,catenin complex (GO:0016342),1/31,0.3762627326155081,0.506162961732767,0,0,2.178073089700997,2.128995924954682,CTNND1
167,GO_Cellular_Component_2021,Golgi stack (GO:0005795),1/31,0.3762627326155081,0.506162961732767,0,0,2.178073089700997,2.128995924954682,GOLPH3
168,GO_Cellular_Component_2021,non-motile cilium (GO:0097730),1/32,0.3856957698174699,0.5157825087499893,0,0,2.107705497803022,2.0080244778144176,RAB8A
169,GO_Cellular_Component_2021,heterotrimeric G-protein complex (GO:0005834),1/33,0.3949866122143046,0.5201468893233223,0,0,2.041735880398671,1.8965754170966664,GNG12
170,GO_Cellular_Component_2021,clathrin-coated vesicle membrane (GO:0030665),2/90,0.3951552496013293,0.5201468893233223,0,0,1.4856060606060606,1.3793503962498466,EPN1;VAMP2
171,GO_Cellular_Component_2021,secretory granule membrane (GO:0030667),5/274,0.3983487525414284,0.5201468893233223,0,0,1.2159388181693014,1.119183398552318,PGRMC1;RAC1;LAMTOR1;CD44;VAMP2
172,GO_Cellular_Component_2021,basolateral plasma membrane (GO:0016323),3/151,0.3995088589815777,0.5201468893233223,0,0,1.3253638253638254,1.2160469407818844,TJP1;LIN7A;CD44
173,GO_Cellular_Component_2021,specific granule membrane (GO:0035579),2/91,0.4004670740807879,0.5201468893233223,0,0,1.4688389513108615,1.3441693767882088,PGRMC1;LAMTOR1
174,GO_Cellular_Component_2021,Cul4-RING E3 ubiquitin ligase complex (GO:0080008),1/34,0.4041373963211859,0.5201979453399148,0,0,1.9797644216248864,1.7936672963955926,PLRG1
175,GO_Cellular_Component_2021,integral component of organelle membrane (GO:0031301),4/214,0.4051099043355088,0.5201979453399148,0,0,1.2456375838926177,1.125554234366008,DPM3;ARL6IP1;RRBP1;RTN4
176,GO_Cellular_Component_2021,aggresome (GO:0016235),1/35,0.4131502265348099,0.5275251480048985,0,0,1.921438342778972,1.698443908925939,HSPA1B
177,GO_Cellular_Component_2021,Golgi membrane (GO:0000139),8/472,0.4205675600943552,0.5339790369737318,0,0,1.127961529439362,0.976984043830628,LMAN1;TMED9;PITPNB;LMAN2;OSBP;YKT6;ARFGAP1;RAB8A
178,GO_Cellular_Component_2021,brush border membrane (GO:0031526),1/37,0.4307702859505505,0.5438775677364492,0,0,1.8145071982281284,1.5281422350554958,LIMA1
179,GO_Cellular_Component_2021,phagocytic vesicle (GO:0045335),2/100,0.4472259164105206,0.5615169839376537,0,0,1.3333333333333333,1.0729218749373233,RAB8A;APPL1
180,GO_Cellular_Component_2021,exocytic vesicle membrane (GO:0099501),1/41,0.4644441129119359,0.5767273050444919,0,0,1.6327242524916945,1.252159160237016,VAMP2
181,GO_Cellular_Component_2021,synaptic vesicle membrane (GO:0030672),1/41,0.4644441129119359,0.5767273050444919,0,0,1.6327242524916945,1.252159160237016,VAMP2
182,GO_Cellular_Component_2021,calcium channel complex (GO:0034704),1/45,0.4961321029468573,0.6127095916174303,0,0,1.4839927514346118,1.040149887265948,PTPA
183,GO_Cellular_Component_2021,cell-cell contact zone (GO:0044291),1/47,0.511268163735605,0.6279706793709061,0,0,1.4193268814097937,0.9521711136769088,AHNAK
184,GO_Cellular_Component_2021,microbody lumen (GO:0031907),1/49,0.5259510001063843,0.6390587420647466,0,0,1.3600498338870433,0.873896248359857,AGPS
185,GO_Cellular_Component_2021,peroxisomal matrix (GO:0005782),1/49,0.5259510001063843,0.6390587420647466,0,0,1.3600498338870433,0.873896248359857,AGPS
186,GO_Cellular_Component_2021,intermediate filament (GO:0005882),1/50,0.5331267023920349,0.6443135547625661,0,0,1.3322259136212624,0.8379649939237771,PNN
187,GO_Cellular_Component_2021,basement membrane (GO:0005604),1/52,0.5471549396980517,0.6508264019566299,0,0,1.2798514754739103,0.77178021303327,HSPG2
188,GO_Cellular_Component_2021,microbody membrane (GO:0031903),1/52,0.5471549396980517,0.6508264019566299,0,0,1.2798514754739103,0.77178021303327,AGPS
189,GO_Cellular_Component_2021,sarcolemma (GO:0042383),1/52,0.5471549396980517,0.6508264019566299,0,0,1.2798514754739103,0.77178021303327,AHNAK
190,GO_Cellular_Component_2021,Golgi cisterna (GO:0031985),1/53,0.5540107066340091,0.6521167692671148,0,0,1.2551750575006388,0.7412703232209652,GOLPH3
191,GO_Cellular_Component_2021,peroxisomal membrane (GO:0005778),1/53,0.5540107066340091,0.6521167692671148,0,0,1.2551750575006388,0.7412703232209652,AGPS
192,GO_Cellular_Component_2021,tertiary granule lumen (GO:1904724),1/55,0.5674134359792741,0.6644323136337613,0,0,1.2085640457733482,0.6848534551623233,ILF2
193,GO_Cellular_Component_2021,extracellular membrane-bounded organelle (GO:0065010),1/56,0.5739634870480453,0.6686378766642178,0,0,1.186529749320447,0.6587488536333739,SDCBP
194,GO_Cellular_Component_2021,peroxisome (GO:0005777),2/128,0.5783146882282955,0.6702518950748451,0,0,1.0355555555555556,0.5671086570361791,HSDL2;AGPS
195,GO_Cellular_Component_2021,azurophil granule membrane (GO:0035577),1/58,0.5867685106789623,0.6765800174155382,0,0,1.144780556041266,0.610311015954024,LAMTOR1
196,GO_Cellular_Component_2021,extracellular vesicle (GO:1903561),1/59,0.593026435202117,0.6803247429222256,0,0,1.1249856799175164,0.5878233575235823,SDCBP
197,GO_Cellular_Component_2021,caveola (GO:0005901),1/60,0.5991898990799683,0.6839238242023881,0,0,1.1058618165437244,0.5663966605691974,MAPK1
198,GO_Cellular_Component_2021,spindle microtubule (GO:0005876),1/61,0.6052603236308983,0.6873810710582061,0,0,1.087375415282392,0.545967527757737,BOD1
199,GO_Cellular_Component_2021,endoplasmic reticulum lumen (GO:0005788),4/285,0.626928692102928,0.7084294220763085,0,0,0.9275120017196494,0.4330761980626847,ERP44;RCN1;MAPK1;KTN1
200,GO_Cellular_Component_2021,platelet alpha granule lumen (GO:0031093),1/67,0.639805984892977,0.7138066900012824,0,0,0.988221081244337,0.4413299463642781,ACTN4
201,GO_Cellular_Component_2021,late endosome membrane (GO:0031902),1/68,0.6452631761223918,0.7138066900012824,0,0,0.973421926910299,0.4264532457811341,LAMTOR1
202,GO_Cellular_Component_2021,lytic vacuole (GO:0000323),3/219,0.6453816599599949,0.7138066900012824,0,0,0.9049609810479377,0.3962945548433076,STX7;CHMP2B;LAMTOR1
203,GO_Cellular_Component_2021,autophagosome (GO:0005776),1/69,0.6506379563728504,0.7138066900012824,0,0,0.9590580418213798,0.4122049935951286,VMP1
204,GO_Cellular_Component_2021,clathrin-coated endocytic vesicle membrane (GO:0030669),1/69,0.6506379563728504,0.7138066900012824,0,0,0.9590580418213798,0.4122049935951286,VAMP2
205,GO_Cellular_Component_2021,glutamatergic synapse (GO:0098978),1/69,0.6506379563728504,0.7138066900012824,0,0,0.9590580418213798,0.4122049935951286,RAC1
206,GO_Cellular_Component_2021,actin filament (GO:0005884),1/72,0.6662801426610924,0.7259438979243241,0,0,0.91839408544289,0.3729093836005112,RAC1
207,GO_Cellular_Component_2021,cation channel complex (GO:0034703),1/73,0.6713374985229369,0.7259438979243241,0,0,0.905592469545958,0.3608634666974578,PTPA
208,GO_Cellular_Component_2021,vesicle membrane (GO:0012506),1/73,0.6713374985229369,0.7259438979243241,0,0,0.905592469545958,0.3608634666974578,APPL1
209,GO_Cellular_Component_2021,endocytic vesicle membrane (GO:0030666),2/158,0.6919657479636988,0.744686947808552,0,0,0.8351282051282052,0.3075099237039844,UBA52;VAMP2
210,GO_Cellular_Component_2021,plasma membrane raft (GO:0044853),1/82,0.7135505112068246,0.7642768508660774,0,0,0.8046019441368278,0.2715548063916211,MAPK1
211,GO_Cellular_Component_2021,intermediate filament cytoskeleton (GO:0045111),1/84,0.7221712194828189,0.7698617717128164,0,0,0.7851338910459112,0.2555556029543097,PNN
212,GO_Cellular_Component_2021,clathrin-coated endocytic vesicle (GO:0045334),1/85,0.7263841064574694,0.7707174087295215,0,0,0.7757475083056479,0.2479881178668692,VAMP2
213,GO_Cellular_Component_2021,platelet alpha granule (GO:0031091),1/90,0.7465123913562184,0.7883728992827354,0,0,0.731979543842622,0.2139891418044787,ACTN4
214,GO_Cellular_Component_2021,cell projection membrane (GO:0031253),1/92,0.7541441458395657,0.7927282649290318,0,0,0.715819064656274,0.2019839213014654,LIMA1
215,GO_Cellular_Component_2021,early endosome (GO:0005769),3/266,0.7684956530387115,0.8040741554942074,0,0,0.7414448669201521,0.195237538503188,STX7;MAPK1;APPL1
216,GO_Cellular_Component_2021,dendrite (GO:0030425),3/270,0.7771644450429199,0.8074580934191603,0,0,0.7301867648716696,0.1840825003608892,RBM3;RPS6;RPL28
217,GO_Cellular_Component_2021,trans-Golgi network membrane (GO:0032588),1/99,0.7790961106185232,0.8074580934191603,0,0,0.6644518272425249,0.1658610390727331,RAB8A
218,GO_Cellular_Component_2021,Golgi lumen (GO:0005796),1/100,0.7824483294636996,0.8074580934191603,0,0,0.6577066344508204,0.1613534529246707,HSPG2
219,GO_Cellular_Component_2021,spindle (GO:0005819),2/192,0.7890350950924658,0.8105542340495331,0,0,0.6844912280701755,0.1621864171779244,BOD1;MAPK1
220,GO_Cellular_Component_2021,mitotic spindle (GO:0072686),1/120,0.8397960638221715,0.8587959747683744,0,0,0.546609341410983,0.095435912684108,MAPK1
221,GO_Cellular_Component_2021,cullin-RING ubiquitin ligase complex (GO:0031461),1/157,0.9091187733912716,0.925499291830754,0,0,0.4161768464094045,0.039653134132848,PLRG1
222,GO_Cellular_Component_2021,neuron projection (GO:0043005),5/556,0.925276141593102,0.9369207747871472,0,0,0.5850091966244416,0.0454336011610197,RBM3;PGRMC1;RPS6;RPL28;VAMP2
223,GO_Cellular_Component_2021,collagen-containing extracellular matrix (GO:0062023),3/380,0.9286294404969956,0.9369207747871472,0,0,0.5142073933447477,0.0380747434018767,LMAN1;HSPG2;S100A10
224,GO_Cellular_Component_2021,cilium (GO:0005929),1/237,0.973418225317576,0.9777445285412096,0,0,0.2739737597837716,0.0073812526516703,RAB8A
225,GO_Cellular_Component_2021,integral component of plasma membrane (GO:0005887),8/1454,0.9998707961722936,0.9998707961722936,0,0,0.3434668473198408,4.438009846506059e-05,SDCBP;PGRMC1;LMAN2;YKT6;SLC25A11;VAMP2;CD44;KTN1
